Employee_id,Version
e1fdd004-a055-4a64-803a-bd3966a93313,6
1d512ab5-9472-4116-81d6-73aa46520e90,3
60c72c8a-be4c-41c4-8309-39414ced9ad2,3
6b706b3f-452b-4af3-a909-6637e795d1a3,3
ac0348c2-8fe8-44a6-a5f8-dbc681eead9e,3
df572eea-dfaf-4691-91a2-6571157bd18d,3
1f21cc5e-14eb-4cd3-b4e8-81a7004e72ed,3
7256df0a-817f-4632-86d6-31ca9d4e3972,3
f8c73809-3e07-4e83-8ad2-30087b6246f8,3
236f4bf0-2700-403b-a6c2-756002ec914b,3
2f4ef780-1c36-49ef-9cef-17fc17aa018b,3
395bdb35-2f90-4dca-aaa4-36addbee3c60,3
d4f48321-215b-44ab-8187-a9629031e128,3
504cd9cb-e07a-4942-8193-c7566227d995,3
5d37bc1e-4711-4b97-9f79-b7516d1a65c0,3
7a54a6d9-d856-4a90-a884-70029ab6f111,3
fe9f0f99-0061-47e4-935c-e058c2dc8ef6,3
167928b8-e061-4ba9-8686-fb41869dfde4,3
47c5b444-769b-4f20-be2a-26774b44fa7a,3
64e38f98-cde0-4c2a-9064-cbeba044ac5e,3
d28e4742-94f4-4e5d-9f21-d441970a61c3,3
da1c1ad4-121a-4fb3-94ca-681abdebf05f,3
f35aa9c8-e869-4860-afd0-b3bfac34ed40,3
faa776e8-701e-4e0e-b0df-a2262610d6c6,3
17d93a97-816e-4dbe-9a18-3ae9fb41eb6a,3
1fa775f9-8936-414c-9783-397ac1a31686,3
3c0ab2b6-1b13-4d9c-a2a7-6c66b9719ab0,3
4df10430-0dd2-4f73-a9e5-24604fb3c885,3
5cc02914-c9dc-4db7-9615-d8b953083426,3
c65c5341-96c6-4c16-9023-17baf4ae1993,3
d5e8433d-ee65-4cab-a9ed-b3a0472fabbb,3
eef2dfd8-9297-4617-96bc-aceccbebfaa9,3
f1dee632-81d6-4981-92ad-292b1ba3598b,3
dd6ef293-0c1a-4bd1-850e-270b24e0748c,3
f98bc8d6-d640-497b-ae8d-dd62cc552d76,3
faf42ea5-9cb1-4ad1-92c9-c0f9ca7471c2,3
2028014a-b87c-49aa-b8c9-460f7e506b4d,3
63d403f5-9866-4e4a-a9d4-0667a3af1fd2,3
66a81050-a88a-4f5d-84b5-5fb2f4dba573,3
766c26fe-b878-4cba-acd2-e2790d171664,3
7fce9a1f-69fe-491b-89d1-926ad59f1dc5,3
85851421-f969-422a-bd53-84416da49928,3
8c56c719-1c9d-4430-8c28-122df66a587d,3
b49afb03-ceb3-4e50-8a23-3700aa749694,3
b724bb62-2ec7-48e1-9941-844485a99dd9,3
c1f1849e-b487-4bbd-961b-60be7e19da83,3
ce40031c-ed0c-4aa0-a507-33f5380deb84,3
f41ad536-b11c-4ef9-8e8b-442d610e9cc7,3
0a1f8282-04bd-449f-a071-41e710d89c26,3
227a8e7a-a060-4cb7-9838-46700c3c57b9,3
7b0aeacc-af8e-4a5d-98b1-186786920e9e,3
a0308bb3-4ba5-41c6-bb47-85d2c140d8da,3
faff4589-83cb-415a-97a8-6faf2606018d,3
30e09510-d6ec-4e40-a928-3553b1967778,3
719097ff-d638-42b1-89e6-92956a90ff12,3
794bdf62-58cf-4f81-9153-6823b19a6a20,3
af48b8a0-c1b1-4c4f-a2f3-69aafeb10c07,3
c4f8ff00-2b93-4c52-9450-ff4ba05395ac,3
e7864362-3626-456f-bb89-d38d75b011e8,3
03bc8a9f-1198-4a86-b0ed-bee1625c87ba,3
0e0fcde3-b8ff-4ddf-9c08-1965735e7050,3
80e9efb2-c184-4adb-afc2-0f67664c7af6,3
c213f327-3885-4e63-9b0f-a74f1b5ed20b,3
34da6e97-4242-4c52-b77b-488d8612bb96,3
69fd4566-ab1c-4c8f-ac45-d953b8fa8a1b,3
83f00eb7-5f6d-4303-b243-76d7a7ed6617,3
84b3d3c0-c6a8-47b2-b3a1-d2b5abf1f1e3,3
85d80ac5-e965-4a96-94ca-7620a8869914,3
a5e15bc7-a6cb-4144-bc76-fa6b170b09ea,3
bb9303d8-8e1c-40ad-ba8b-a314c43eb198,3
02e914f6-002a-4907-95ba-597463d5eb26,3
4207d30c-e8d8-4cf4-b71b-a7e76bac8940,3
4939f549-0106-47fd-b3d5-d53bbde92f94,3
